Broadcaster,WPM,CPS,Lexical_Diversity,Fingerspelling_Perc,Duration_Min
Euronews,141.5449694737804,13.686806055914094,0.5599331437382029,7.315165938145699,4.133642778390298
Prima TV,153.06099267649967,14.619865665843912,0.5740263323509933,7.476135149116203,3.043230982823195
TVR Iasi,142.57103162853525,13.999692410620186,0.5973197682535003,8.370509480674917,2.7458840326126785
